12,3,1,1,0,0,0,0,0,0,1,0,0,0,0,0,0,0,0,0,0,0,0,0,0,0,-1,-1,-1,1,1,6,4,1
12,4,1,0,0,0,0,0,1,1,0,1,0,0,0,0,0,0,0,0,0,0,0,0,0,0,118,178,195,2,2,10,4,1
12,3,1,1,0,0,0,0,0,0,1,0,0,0,0,0,0,0,0,0,0,0,0,0,0,0,183,388,468,1,1,-1,4,1
13,1,1,1,0,0,0,0,0,0,1,0,0,0,0,0,0,0,0,0,0,0,0,0,0,0,186,424,519,1,1,4,4,1
13,4,1,0,0,0,0,0,1,1,0,1,0,0,0,0,0,0,0,0,0,0,0,0,0,0,37,38,93,2,2,10,4,1
13,4,1,0,0,0,0,0,1,1,0,1,0,0,0,0,0,0,0,0,0,0,0,0,0,0,9,9,9,2,2,10,4,1
13,3,1,1,0,0,0,0,0,0,1,0,0,0,0,0,0,0,0,0,0,0,0,0,0,0,126,192,214,1,1,6,4,1
13,3,1,1,0,0,0,0,0,0,1,0,0,0,0,0,0,0,0,0,0,0,0,0,0,0,144,272,323,1,1,4,5,1
9,7,1,1,1,0,1,0,1,1,1,1,0,1,0,1,0,1,1,1,1,1,0,0,0,0,13,13,1039,2,2,9,5,1
9,1,1,1,0,0,0,0,0,0,1,0,0,0,0,0,0,0,0,0,0,0,0,0,0,0,26,26,122,2,2,10,5,1
9,4,1,0,0,0,0,0,1,1,0,1,0,0,0,0,0,0,0,0,0,0,0,0,0,0,123,186,267,2,2,10,4,1
9,7,1,1,1,0,1,0,1,1,1,1,0,1,0,1,0,1,1,1,1,1,0,0,0,0,52,709,987,2,2,10,5,1
9,3,1,1,0,0,0,0,0,0,1,0,0,0,0,0,0,0,0,0,0,0,0,0,0,0,118,178,1148,1,1,6,4,1
10,1,1,1,0,0,0,0,0,0,1,0,0,0,0,0,0,0,0,0,0,0,0,0,0,0,17,17,29,1,1,5,5,1
10,1,1,1,0,0,0,0,0,0,1,0,0,0,0,0,0,0,0,0,0,0,0,0,0,0,164,850,1224,1,1,-1,4,1
10,1,1,1,0,0,0,0,0,0,1,0,0,0,0,0,0,0,0,0,0,0,0,0,0,0,138,870,1254,2,2,10,5,1
11,4,1,0,0,0,0,0,1,1,0,1,0,0,0,0,0,0,0,0,0,0,0,0,0,0,56,61,62,2,2,10,4,1
11,3,1,1,0,0,0,0,0,0,1,0,0,0,0,0,0,0,0,0,0,0,0,0,0,0,-1,-1,-1,1,1,6,5,1
11,2,1,1,0,0,0,0,0,0,0,0,0,1,0,0,0,0,0,0,0,0,0,0,0,0,90,110,114,2,2,10,4,1
11,13,1,1,0,0,0,0,0,0,0,0,0,1,0,0,0,0,0,0,0,0,0,0,0,0,12,496,642,2,2,10,4,1
11,7,1,1,1,0,1,0,1,1,1,1,0,1,0,1,0,1,1,1,1,1,0,0,0,0,111,153,164,2,2,10,5,1
11,1,1,1,0,0,0,0,0,0,1,0,0,0,0,0,0,0,0,0,0,0,0,0,0,0,-1,-1,-1,2,2,10,5,1
11,7,1,1,1,0,1,0,1,1,1,1,0,1,0,1,0,1,1,1,1,1,0,0,0,0,20,74,76,2,2,10,5,1
11,2,1,1,0,0,0,0,0,0,0,0,0,1,0,0,0,0,0,0,0,0,0,0,0,0,10,10,1409,2,2,10,4,1
11,4,1,0,0,0,0,0,1,1,0,1,0,0,0,0,0,0,0,0,0,0,0,0,0,0,108,149,158,2,2,10,4,1
14,7,1,1,1,0,1,0,1,1,1,1,0,1,0,1,0,1,1,1,1,1,0,0,0,0,9,9,1189,2,2,10,5,1
14,3,1,1,0,0,0,0,0,0,1,0,0,0,0,0,0,0,0,0,0,0,0,0,0,0,-1,-1,-1,1,1,6,4,1
14,12,1,0,0,0,0,0,1,0,1,0,0,0,0,0,0,0,0,1,0,0,0,0,0,0,171,315,378,2,2,10,4,1
14,1,1,1,0,0,0,0,0,0,1,0,0,0,0,0,0,0,0,0,0,0,0,0,0,0,164,302,625,2,2,10,5,1
14,3,1,1,0,0,0,0,0,0,1,0,0,0,0,0,0,0,0,0,0,0,0,0,0,0,180,376,451,1,1,5,4,1
16,4,1,0,0,0,0,0,1,1,0,1,0,0,0,0,0,0,0,0,0,0,0,0,0,0,86,162,1535,2,2,10,4,1
16,4,1,0,0,0,0,0,1,1,0,1,0,0,0,0,0,0,0,0,0,0,0,0,0,0,-1,-1,-1,2,2,10,4,1
16,3,1,1,0,0,0,0,0,0,1,0,0,0,0,0,0,0,0,0,0,0,0,0,0,0,52,638,877,1,1,6,4,1
16,2,1,1,0,0,0,0,0,0,0,0,0,1,0,0,0,0,0,0,0,0,0,0,0,0,96,1037,1502,2,2,10,4,1
16,7,1,1,1,0,1,0,1,1,1,1,0,1,0,1,0,1,1,1,1,1,0,0,0,0,-1,-1,-1,2,2,10,5,1
16,4,1,0,0,0,0,0,1,1,0,1,0,0,0,0,0,0,0,0,0,0,0,0,0,0,54,58,59,2,2,10,4,1
16,17,1,0,0,0,0,0,0,0,1,0,0,0,0,0,0,0,0,1,0,0,0,0,0,0,143,230,605,2,2,10,4,1
16,4,1,0,0,0,0,0,1,1,0,1,0,0,0,0,0,0,0,0,0,0,0,0,0,0,7,7,7,2,2,10,4,1
15,14,1,1,0,0,0,0,0,0,1,0,0,0,0,0,0,0,0,0,1,1,0,0,0,0,10,10,10,2,2,9,4,1
15,2,1,1,0,0,0,0,0,0,0,0,0,1,0,0,0,0,0,0,0,0,0,0,0,0,110,367,481,2,2,10,5,1
15,3,1,1,0,0,0,0,0,0,1,0,0,0,0,0,0,0,0,0,0,0,0,0,0,0,111,153,170,2,2,10,4,1
15,15,1,1,0,0,0,0,1,0,1,1,0,0,0,0,0,0,0,0,0,0,0,0,0,0,167,597,807,2,2,10,5,1
15,4,1,0,0,0,0,0,1,1,0,1,0,0,0,0,0,0,0,0,0,0,0,0,0,0,21,48,49,2,2,10,4,1
15,4,1,0,0,0,0,0,1,1,0,1,0,0,0,0,0,0,0,0,0,0,0,0,0,0,-1,-1,-1,2,2,10,4,1
15,3,1,1,0,0,0,0,0,0,1,0,0,0,0,0,0,0,0,0,0,0,0,0,0,0,74,278,332,2,2,10,4,1
17,1,1,1,0,0,0,0,0,0,1,0,0,0,0,0,0,0,0,0,0,0,0,0,0,0,90,110,114,1,1,6,5,1
17,7,1,1,1,0,1,0,1,1,1,1,0,1,0,1,0,1,1,1,1,1,0,0,0,0,46,50,1098,1,1,4,5,1
17,2,1,1,0,0,0,0,0,0,0,0,0,1,0,0,0,0,0,0,0,0,0,0,0,0,64,75,77,1,1,-1,4,1
17,1,1,1,0,0,0,0,0,0,1,0,0,0,0,0,0,0,0,0,0,0,0,0,0,0,139,221,249,1,1,4,5,1
17,35,1,1,0,0,0,0,0,0,1,0,0,0,0,0,0,0,0,0,0,0,0,0,0,0,128,200,328,2,2,9,5,1
17,4,1,0,0,0,0,0,1,1,0,1,0,0,0,0,0,0,0,0,0,0,0,0,0,0,52,165,801,2,2,10,4,1
8,53,0,1,0,0,0,0,0,1,0,0,0,0,0,0,0,0,0,0,0,0,0,0,0,0,7,7,7,1,1,6,4,1
8,1,1,1,0,0,0,0,0,0,1,0,0,0,0,0,0,0,0,0,0,0,0,0,0,0,14,14,14,2,2,10,5,1
8,1,1,1,0,0,0,0,0,0,1,0,0,0,0,0,0,0,0,0,0,0,0,0,0,0,160,284,341,1,1,4,5,1
8,13,1,1,0,0,0,0,0,0,0,0,0,1,0,0,0,0,0,0,0,0,0,0,0,0,80,97,101,2,2,10,4,1
18,15,1,1,0,0,0,0,1,0,1,1,0,0,0,0,0,0,0,0,0,0,0,0,0,0,-1,-1,-1,2,2,10,5,1
18,7,1,1,1,0,1,0,1,1,1,1,0,1,0,1,0,1,1,1,1,1,0,0,0,0,17,17,1301,2,2,9,5,1
18,4,1,0,0,0,0,0,1,1,0,1,0,0,0,0,0,0,0,0,0,0,0,0,0,0,44,228,258,2,2,10,4,1
18,4,1,0,0,0,0,0,1,1,0,1,0,0,0,0,0,0,0,0,0,0,0,0,0,0,118,178,599,2,2,10,4,1
18,4,1,0,0,0,0,0,1,1,0,1,0,0,0,0,0,0,0,0,0,0,0,0,0,0,44,47,1078,2,2,10,4,1
18,4,1,0,0,0,0,0,1,1,0,1,0,0,0,0,0,0,0,0,0,0,0,0,0,0,86,813,1161,2,2,10,4,1
18,4,1,0,0,0,0,0,1,1,0,1,0,0,0,0,0,0,0,0,0,0,0,0,0,0,22,22,22,2,2,10,4,1
18,4,1,0,0,0,0,0,1,1,0,1,0,0,0,0,0,0,0,0,0,0,0,0,0,0,53,708,986,2,2,10,4,1
18,3,1,1,0,0,0,0,0,0,1,0,0,0,0,0,0,0,0,0,0,0,0,0,0,0,14,14,14,1,1,-1,4,1
18,2,1,1,0,0,0,0,0,0,0,0,0,1,0,0,0,0,0,0,0,0,0,0,0,0,22,22,22,2,2,10,4,1
18,7,1,1,1,0,1,0,1,1,1,1,0,1,0,1,0,1,1,1,1,1,0,0,0,0,96,1305,1475,2,2,10,5,1
18,4,1,0,0,0,0,0,1,1,0,1,0,0,0,0,0,0,0,0,0,0,0,0,0,0,75,834,1200,2,2,10,4,1
18,17,1,0,0,0,0,0,0,0,1,0,0,0,0,0,0,0,0,1,0,0,0,0,0,0,34,35,36,2,2,10,5,1
12,3,1,1,0,0,0,0,0,0,1,0,0,0,0,0,0,0,0,0,0,0,0,0,0,0,92,121,128,2,2,10,4,1
12,4,1,0,0,0,0,0,1,1,0,1,0,0,0,0,0,0,0,0,0,0,0,0,0,0,145,537,712,2,2,10,4,1
12,8,1,1,0,0,0,0,0,0,1,0,0,1,0,0,0,0,0,0,0,1,0,0,0,0,47,225,254,2,2,10,4,1
13,4,1,0,0,0,0,0,1,1,0,1,0,0,0,0,0,0,0,0,0,0,0,0,0,0,-1,-1,-1,2,2,10,4,1
13,4,1,0,0,0,0,0,1,1,0,1,0,0,0,0,0,0,0,0,0,0,0,0,0,0,44,1079,699,2,2,10,4,1
13,3,1,1,0,0,0,0,0,0,1,0,0,0,0,0,0,0,0,0,0,0,0,0,0,0,37,38,842,1,1,-1,4,1
13,2,1,1,0,0,0,0,0,0,0,0,0,1,0,0,0,0,0,0,0,0,0,0,0,0,-1,-1,-1,2,2,10,4,1
13,1,1,1,0,0,0,0,0,0,1,0,0,0,0,0,0,0,0,0,0,0,0,0,0,0,139,221,249,1,1,4,5,1
9,4,1,0,0,0,0,0,1,1,0,1,0,0,0,0,0,0,0,0,0,0,0,0,0,0,128,200,328,2,2,10,4,1
9,1,1,1,0,0,0,0,0,0,1,0,0,0,0,0,0,0,0,0,0,0,0,0,0,0,21,48,1653,1,1,4,5,1
9,14,1,1,0,0,0,0,0,0,1,0,0,0,0,0,0,0,0,0,1,1,0,0,0,0,47,51,52,2,2,10,4,1
9,1,1,1,0,0,0,0,0,0,1,0,0,0,0,0,0,0,0,0,0,0,0,0,0,0,140,223,407,2,2,10,5,1
9,1,1,1,0,0,0,0,0,0,1,0,0,0,0,0,0,0,0,0,0,0,0,0,0,0,110,459,580,2,2,10,5,1
10,1,1,1,0,0,0,0,0,0,1,0,0,0,0,0,0,0,0,0,0,0,0,0,0,0,53,57,58,2,2,10,5,1
10,4,1,0,0,0,0,0,1,1,0,1,0,0,0,0,0,0,0,0,0,0,0,0,0,0,180,1394,532,2,2,10,4,1
10,12,1,0,0,0,0,0,1,0,1,0,0,0,0,0,0,0,0,1,0,0,0,0,0,0,52,252,294,2,2,10,4,1
10,1,1,1,0,0,0,0,0,0,1,0,0,0,0,0,0,0,0,0,0,0,0,0,0,0,166,303,1012,1,1,5,5,1
10,2,1,1,0,0,0,0,0,0,0,0,0,1,0,0,0,0,0,0,0,0,0,0,0,0,-1,-1,-1,1,1,4,4,1
11,13,1,1,0,0,0,0,0,0,0,0,0,1,0,0,0,0,0,0,0,0,0,0,0,0,34,35,1662,2,2,10,4,1
11,3,1,1,0,0,0,0,0,0,1,0,0,0,0,0,0,0,0,0,0,0,0,0,0,0,37,38,93,1,1,6,4,1
11,7,1,1,1,0,1,0,1,1,1,1,0,1,0,1,0,1,1,1,1,1,0,0,0,0,170,314,377,2,2,10,5,1
11,7,1,1,1,0,1,0,1,1,1,1,0,1,0,1,0,1,1,1,1,1,0,0,0,0,12,624,849,2,2,10,5,1
11,4,1,0,0,0,0,0,1,1,0,1,0,0,0,0,0,0,0,0,0,0,0,0,0,0,143,230,260,2,2,10,4,1
14,7,1,1,1,0,1,0,1,1,1,1,0,1,0,1,0,1,1,1,1,1,0,0,0,0,12,12,12,2,2,10,5,1
14,27,1,1,0,0,0,0,1,0,1,0,0,0,0,0,0,0,1,0,0,0,0,0,0,0,110,151,161,2,2,10,4,1
14,3,1,1,0,0,0,0,0,0,1,0,0,0,0,0,0,0,0,0,0,0,0,0,0,0,7,7,7,2,2,10,4,1
14,3,1,1,0,0,0,0,0,0,1,0,0,0,0,0,0,0,0,0,0,0,0,0,0,0,17,17,29,1,1,-1,4,1
14,4,1,0,0,0,0,0,1,1,0,1,0,0,0,0,0,0,0,0,0,0,0,0,0,0,137,217,867,2,2,10,4,1
14,3,1,1,0,0,0,0,0,0,1,0,0,0,0,0,0,0,0,0,0,0,0,0,0,0,-1,-1,-1,1,1,5,5,1
16,3,1,1,0,0,0,0,0,0,1,0,0,0,0,0,0,0,0,0,0,0,0,0,0,0,77,90,92,2,2,10,4,1
16,4,1,0,0,0,0,0,1,1,0,1,0,0,0,0,0,0,0,0,0,0,0,0,0,0,14,14,14,2,2,10,4,1
16,3,1,1,0,0,0,0,0,0,1,0,0,0,0,0,0,0,0,0,0,0,0,0,0,0,8,467,590,2,2,10,4,1
16,13,1,1,0,0,0,0,0,0,0,0,0,1,0,0,0,0,0,0,0,0,0,0,0,0,125,190,212,2,2,7,4,1
16,7,1,1,1,0,1,0,1,1,1,1,0,1,0,1,0,1,1,1,1,1,0,0,0,0,6,6,6,1,1,4,5,1
16,3,1,1,0,0,0,0,0,0,1,0,0,0,0,0,0,0,0,0,0,0,0,0,0,0,123,186,206,1,1,-1,4,1
16,12,1,0,0,0,0,0,1,0,1,0,0,0,0,0,0,0,0,1,0,0,0,0,0,0,13,13,1290,1,1,-1,4,1
16,3,1,1,0,0,0,0,0,0,1,0,0,0,0,0,0,0,0,0,0,0,0,0,0,0,173,713,993,2,2,10,4,1
16,13,1,1,0,0,0,0,0,0,0,0,0,1,0,0,0,0,0,0,0,0,0,0,0,0,94,123,130,2,2,10,4,1
16,3,1,1,0,0,0,0,0,0,1,0,0,0,0,0,0,0,0,0,0,0,0,0,0,0,112,448,556,1,1,5,4,1
16,2,1,1,0,0,0,0,0,0,0,0,0,1,0,0,0,0,0,0,0,0,0,0,0,0,85,104,108,2,2,10,4,1
16,1,1,1,0,0,0,0,0,0,1,0,0,0,0,0,0,0,0,0,0,0,0,0,0,0,9,9,9,1,1,4,5,1
15,3,1,1,0,0,0,0,0,0,1,0,0,0,0,0,0,0,0,0,0,0,0,0,0,0,-1,-1,-1,1,1,5,4,1
15,5,1,1,1,0,1,0,1,1,1,0,0,1,0,0,0,0,1,0,0,0,0,0,0,0,12,805,1352,1,1,5,4,1
15,22,0,1,0,0,0,0,0,1,0,0,0,0,0,0,0,0,0,0,0,0,0,0,0,0,128,200,328,2,2,9,4,1
15,4,1,0,0,0,0,0,1,1,0,1,0,0,0,0,0,0,0,0,0,0,0,0,0,0,176,342,413,2,2,10,4,1
15,4,1,0,0,0,0,0,1,1,0,1,0,0,0,0,0,0,0,0,0,0,0,0,0,0,22,22,22,2,2,10,4,1
15,3,1,1,0,0,0,0,0,0,1,0,0,0,0,0,0,0,0,0,0,0,0,0,0,0,27,653,895,2,2,10,4,1
17,1,1,1,0,0,0,0,0,0,1,0,0,0,0,0,0,0,0,0,0,0,0,0,0,0,39,130,137,1,1,4,5,1
17,3,1,1,0,0,0,0,0,0,1,0,0,0,0,0,0,0,0,0,0,0,0,0,0,0,210,1480,2058,2,2,10,4,1
17,4,1,0,0,0,0,0,1,1,0,1,0,0,0,0,0,0,0,0,0,0,0,0,0,0,51,296,357,2,2,10,4,1
17,7,1,1,1,0,1,0,1,1,1,1,0,1,0,1,0,1,1,1,1,1,0,0,0,0,32,33,197,2,2,10,5,1
17,4,1,0,0,0,0,0,1,1,0,1,0,0,0,0,0,0,0,0,0,0,0,0,0,0,22,22,22,2,2,10,4,1
17,3,1,1,0,0,0,0,0,0,1,0,0,0,0,0,0,0,0,0,0,0,0,0,0,0,-1,-1,-1,1,1,5,5,1
17,2,1,1,0,0,0,0,0,0,0,0,0,1,0,0,0,0,0,0,0,0,0,0,0,0,148,241,280,2,2,10,4,1
8,1,1,1,0,0,0,0,0,0,1,0,0,0,0,0,0,0,0,0,0,0,0,0,0,0,17,17,29,1,1,4,4,1
8,4,1,0,0,0,0,0,1,1,0,1,0,0,0,0,0,0,0,0,0,0,0,0,0,0,22,22,22,2,2,9,4,1
8,3,1,1,0,0,0,0,0,0,1,0,0,0,0,0,0,0,0,0,0,0,0,0,0,0,-1,-1,-1,1,1,5,5,1
18,4,1,0,0,0,0,0,1,1,0,1,0,0,0,0,0,0,0,0,0,0,0,0,0,0,105,510,1273,2,2,10,4,1
18,13,1,1,0,0,0,0,0,0,0,0,0,1,0,0,0,0,0,0,0,0,0,0,0,0,167,597,807,1,1,6,4,1
18,13,1,1,0,0,0,0,0,0,0,0,0,1,0,0,0,0,0,0,0,0,0,0,0,0,-1,-1,-1,1,1,6,4,1
18,4,1,0,0,0,0,0,1,1,0,1,0,0,0,0,0,0,0,0,0,0,0,0,0,0,110,151,161,2,2,10,4,1
18,3,1,1,0,0,0,0,0,0,1,0,0,0,0,0,0,0,0,0,0,0,0,0,0,0,62,72,74,1,1,6,5,1
18,4,1,0,0,0,0,0,1,1,0,1,0,0,0,0,0,0,0,0,0,0,0,0,0,0,14,14,14,2,2,10,4,1
18,3,1,1,0,0,0,0,0,0,1,0,0,0,0,0,0,0,0,0,0,0,0,0,0,0,37,38,93,2,2,10,4,1
18,4,1,0,0,0,0,0,1,1,0,1,0,0,0,0,0,0,0,0,0,0,0,0,0,0,-1,-1,-1,2,2,10,4,1
18,1,1,1,0,0,0,0,0,0,1,0,0,0,0,0,0,0,0,0,0,0,0,0,0,0,10,10,10,1,1,4,5,1
12,4,1,0,0,0,0,0,1,1,0,1,0,0,0,0,0,0,0,0,0,0,0,0,0,0,180,433,532,2,2,10,4,1
12,1,1,1,0,0,0,0,0,0,1,0,0,0,0,0,0,0,0,0,0,0,0,0,0,0,9,9,9,1,1,4,5,1
12,7,1,1,1,0,1,0,1,1,1,1,0,1,0,1,0,1,1,1,1,1,0,0,0,0,152,263,318,2,2,10,5,1
13,1,1,1,0,0,0,0,0,0,1,0,0,0,0,0,0,0,0,0,0,0,0,0,0,0,99,131,138,1,1,6,5,1
13,4,1,0,0,0,0,0,1,1,0,1,0,0,0,0,0,0,0,0,0,0,0,0,0,0,51,296,357,2,2,10,5,1
13,4,1,0,0,0,0,0,1,1,0,1,0,0,0,0,0,0,0,0,0,0,0,0,0,0,94,123,130,2,2,10,5,1
13,4,1,0,0,0,0,0,1,1,0,1,0,0,0,0,0,0,0,0,0,0,0,0,0,0,57,406,492,2,2,10,4,1
13,12,1,0,0,0,0,0,1,0,1,0,0,0,0,0,0,0,0,1,0,0,0,0,0,0,25,1647,2171,2,2,10,4,1
13,3,1,1,0,0,0,0,0,0,1,0,0,0,0,0,0,0,0,0,0,0,0,0,0,0,77,90,92,1,1,6,4,1
13,1,1,1,0,0,0,0,0,0,1,0,0,0,0,0,0,0,0,0,0,0,0,0,0,0,37,38,93,1,1,4,5,1
9,4,1,0,0,0,0,0,1,1,0,1,0,0,0,0,0,0,0,0,0,0,0,0,0,0,-1,-1,-1,2,2,10,4,1
9,4,1,0,0,0,0,0,1,1,0,1,0,0,0,0,0,0,0,0,0,0,0,0,0,0,17,17,29,2,2,10,4,1
9,7,1,1,1,0,1,0,1,1,1,1,0,1,0,1,0,1,1,1,1,1,0,0,0,0,162,390,470,2,2,9,5,1
9,12,1,0,0,0,0,0,1,0,1,0,0,0,0,0,0,0,0,1,0,0,0,0,0,0,7,7,7,2,2,10,4,1
9,12,1,0,0,0,0,0,1,0,1,0,0,0,0,0,0,0,0,1,0,0,0,0,0,0,22,22,22,2,2,10,4,1
9,14,1,1,0,0,0,0,0,0,1,0,0,0,0,0,0,0,0,0,1,1,0,0,0,0,-1,-1,-1,2,2,10,4,1
10,7,1,1,1,0,1,0,1,1,1,1,0,1,0,1,0,1,1,1,1,1,0,0,0,0,102,174,191,2,2,10,5,1
10,4,1,0,0,0,0,0,1,1,0,1,0,0,0,0,0,0,0,0,0,0,0,0,0,0,46,50,51,2,2,10,4,1
10,1,1,1,0,0,0,0,0,0,1,0,0,0,0,0,0,0,0,0,0,0,0,0,0,0,15,197,219,1,1,4,5,1
10,7,1,1,1,0,1,0,1,1,1,1,0,1,0,1,0,1,1,1,1,1,0,0,0,0,51,296,357,2,2,10,5,1
10,14,1,1,0,0,0,0,0,0,1,0,0,0,0,0,0,0,0,0,1,1,0,0,0,0,180,608,822,2,2,9,4,1
10,3,1,1,0,0,0,0,0,0,1,0,0,0,0,0,0,0,0,0,0,0,0,0,0,0,109,835,1204,1,1,5,4,1
11,12,1,0,0,0,0,0,1,0,1,0,0,0,0,0,0,0,0,1,0,0,0,0,0,0,15,69,1523,2,2,8,4,1
11,5,1,1,1,0,1,0,0,0,1,0,0,1,0,0,0,0,0,0,0,0,0,0,0,0,14,14,865,2,2,10,5,1
11,12,1,0,0,0,0,0,1,0,1,0,0,0,0,0,0,0,0,1,0,0,0,0,0,0,7,7,7,2,2,10,4,1
11,4,1,0,0,0,0,0,1,1,0,1,0,0,0,0,0,0,0,0,0,0,0,0,0,0,152,263,318,2,2,10,4,1
11,7,1,1,1,0,1,0,1,1,1,1,0,1,0,1,0,1,1,1,1,1,0,0,0,0,180,608,822,2,2,9,5,1
11,4,1,0,0,0,0,0,1,1,0,1,0,0,0,0,0,0,0,0,0,0,0,0,0,0,7,7,7,2,2,10,4,1
11,1,1,1,0,0,0,0,0,0,1,0,0,0,0,0,0,0,0,0,0,0,0,0,0,0,67,295,356,1,1,5,5,1
11,8,1,1,0,0,0,0,0,0,1,0,0,0,0,0,0,0,0,0,0,0,0,0,0,0,-1,-1,-1,2,2,10,4,1
11,7,1,1,1,0,1,0,1,1,1,1,0,1,0,1,0,1,1,1,1,1,0,0,0,0,12,1130,1657,2,2,10,5,1
14,3,1,1,0,0,0,0,0,0,1,0,0,0,0,0,0,0,0,0,0,0,0,0,0,0,86,661,908,2,2,10,4,1
14,1,1,1,0,0,0,0,0,0,1,0,0,0,0,0,0,0,0,0,0,0,0,0,0,0,47,225,557,1,1,4,5,1
14,4,1,0,0,0,0,0,1,1,0,1,0,0,0,0,0,0,0,0,0,0,0,0,0,0,178,360,435,2,2,10,4,1
14,12,1,0,0,0,0,0,1,0,1,0,0,0,0,0,0,0,0,1,0,0,0,0,0,0,57,796,1133,2,2,10,4,1
14,1,1,1,0,0,0,0,0,0,1,0,0,0,0,0,0,0,0,0,0,0,0,0,0,0,168,692,966,1,1,4,5,1
14,1,1,1,0,0,0,0,0,0,1,0,0,0,0,0,0,0,0,0,0,0,0,0,0,0,14,14,14,1,1,6,5,1
16,4,1,0,0,0,0,0,1,1,0,1,0,0,0,0,0,0,0,0,0,0,0,0,0,0,130,432,531,2,2,10,4,1
16,12,1,0,0,0,0,0,1,0,1,0,0,0,0,0,0,0,0,1,0,0,0,0,0,0,-1,-1,-1,1,1,-1,4,1
16,12,1,0,0,0,0,0,1,0,1,0,0,0,0,0,0,0,0,1,0,0,0,0,0,0,96,516,673,2,2,10,4,1
16,12,1,0,0,0,0,0,1,0,1,0,0,0,0,0,0,0,0,1,0,0,0,0,0,0,10,10,10,2,2,10,4,1
16,1,1,1,0,0,0,0,0,0,1,0,0,0,0,0,0,0,0,0,0,0,0,0,0,0,116,166,205,1,1,4,5,1
16,12,1,0,0,0,0,0,1,0,1,0,0,0,0,0,0,0,0,1,0,0,0,0,0,0,16,16,16,2,2,10,5,1
16,1,1,1,0,0,0,0,0,0,1,0,0,0,0,0,0,0,0,0,0,0,0,0,0,0,52,416,2102,1,1,6,5,1
16,1,1,1,0,0,0,0,0,0,1,0,0,0,0,0,0,0,0,0,0,0,0,0,0,0,156,493,634,2,2,10,5,1
16,4,1,0,0,0,0,0,1,1,0,1,0,0,0,0,0,0,0,0,0,0,0,0,0,0,116,166,182,2,2,10,4,1
15,7,1,1,1,0,1,0,1,1,1,1,0,1,0,1,0,1,1,1,1,1,0,0,0,0,152,263,318,2,2,9,5,1
15,12,1,0,0,0,0,0,1,0,1,0,0,0,0,0,0,0,0,1,0,0,0,0,0,0,189,430,528,2,2,10,4,1
15,7,1,1,1,0,1,0,1,1,1,1,0,1,0,1,0,1,1,1,1,1,0,0,0,0,53,534,706,2,2,9,5,1
15,3,1,1,0,0,0,0,0,0,1,0,0,0,0,0,0,0,0,0,0,0,0,0,0,0,-1,-1,-1,1,1,6,4,1
15,1,1,1,0,0,0,0,0,0,1,0,0,0,0,0,0,0,0,0,0,0,0,0,0,0,101,279,333,1,1,4,5,1
15,4,1,0,0,0,0,0,1,1,0,1,0,0,0,0,0,0,0,0,0,0,0,0,0,0,60,68,1328,2,2,10,4,1
15,12,1,0,0,0,0,0,1,0,1,0,0,0,0,0,0,0,0,1,0,0,0,0,0,0,158,281,337,2,2,10,4,1
17,1,1,1,0,0,0,0,0,0,1,0,0,0,0,0,0,0,0,0,0,0,0,0,0,0,39,636,876,1,1,6,5,1
17,1,1,1,0,0,0,0,0,0,1,0,0,0,0,0,0,0,0,0,0,0,0,0,0,0,14,14,14,1,1,5,5,1
17,14,1,1,0,0,0,0,0,0,1,0,0,0,0,0,0,0,0,0,1,1,0,0,0,0,-1,-1,-1,2,2,10,4,1
17,3,1,1,0,0,0,0,0,0,1,0,0,0,0,0,0,0,0,0,0,0,0,0,0,0,7,7,7,2,2,10,4,1
17,1,1,1,0,0,0,0,0,0,1,0,0,0,0,0,0,0,0,0,0,0,0,0,0,0,152,263,318,1,1,4,5,1
17,1,1,1,0,0,0,0,0,0,1,0,0,0,0,0,0,0,0,0,0,0,0,0,0,0,14,14,14,2,2,10,5,1
17,7,1,1,1,0,1,0,1,1,1,1,0,1,0,1,0,1,1,1,1,1,0,0,0,0,55,111,115,2,2,10,5,1
8,45,1,1,0,0,0,0,0,0,0,0,0,0,0,0,0,0,0,0,0,0,0,0,0,0,96,393,473,1,1,-1,4,1
8,11,1,1,0,0,0,0,0,0,1,0,0,0,0,0,0,0,0,0,0,0,0,0,0,0,22,22,22,2,2,10,4,1
8,1,1,1,0,0,0,0,0,0,1,0,0,0,0,0,0,0,0,0,0,0,0,0,0,0,26,26,1772,1,1,4,5,1
8,7,1,1,1,0,1,0,1,1,1,1,0,1,0,1,0,1,1,1,1,1,0,0,0,0,83,261,306,1,1,5,5,1
8,14,1,1,0,0,0,0,0,0,1,0,0,0,0,0,0,0,0,0,1,1,0,0,0,0,7,7,7,2,2,8,4,1
8,13,1,1,0,0,0,0,0,0,0,0,0,1,0,0,0,0,0,0,0,0,0,0,0,0,19,507,658,2,2,10,4,1
8,4,1,0,0,0,0,0,1,1,0,1,0,0,0,0,0,0,0,0,0,0,0,0,0,0,68,632,256,1,1,5,4,1
18,1,1,1,0,0,0,0,0,0,1,0,0,0,0,0,0,0,0,0,0,0,0,0,0,0,40,546,729,1,1,4,4,1
18,1,1,1,0,0,0,0,0,0,1,0,0,0,0,0,0,0,0,0,0,0,0,0,0,0,17,17,29,1,1,4,5,1
18,1,1,1,0,0,0,0,0,0,1,0,0,0,0,0,0,0,0,0,0,0,0,0,0,0,190,431,944,1,1,5,5,1
18,7,1,1,1,0,1,0,1,1,1,1,0,1,0,1,0,1,1,1,1,1,0,0,0,0,20,74,76,2,2,9,5,1
18,86,0,1,0,0,0,0,0,0,0,0,0,0,0,0,0,0,0,0,0,1,0,0,0,0,37,38,93,2,2,10,5,1
18,1,1,1,0,0,0,0,0,0,1,0,0,0,0,0,0,0,0,0,0,0,0,0,0,0,2,1147,1679,1,1,4,4,1
18,7,1,1,1,0,1,0,1,1,1,1,0,1,0,1,0,1,1,1,1,1,0,0,0,0,2,742,1051,2,2,9,5,1
12,3,1,1,0,0,0,0,0,0,1,0,0,0,0,0,0,0,0,0,0,0,0,0,0,0,138,220,1184,2,2,10,4,1
12,4,1,0,0,0,0,0,1,1,0,1,0,0,0,0,0,0,0,0,0,0,0,0,0,0,71,83,85,2,2,10,4,1
12,4,1,0,0,0,0,0,1,1,0,1,0,0,0,0,0,0,0,0,0,0,0,0,0,0,22,22,22,2,2,10,4,1
12,12,1,0,0,0,0,0,1,0,1,0,0,0,0,0,0,0,0,1,0,0,0,0,0,0,86,501,649,2,2,10,4,1
12,4,1,0,0,0,0,0,1,1,0,1,0,0,0,0,0,0,0,0,0,0,0,0,0,0,52,975,1419,2,2,10,4,1
12,4,1,0,0,0,0,0,1,1,0,1,0,0,0,0,0,0,0,0,0,0,0,0,0,0,78,93,487,2,2,10,4,1
13,2,1,1,0,0,0,0,0,0,0,0,0,1,0,0,0,0,0,0,0,0,0,0,0,0,167,597,807,2,2,10,4,1
13,14,1,1,0,0,0,0,0,0,1,0,0,0,0,0,0,0,0,0,1,1,0,0,0,0,137,217,244,2,2,10,4,1
13,12,1,0,0,0,0,0,1,0,1,0,0,0,0,0,0,0,0,1,0,0,0,0,0,0,-1,-1,-1,2,2,10,4,1
13,18,1,1,0,0,0,0,0,0,1,0,0,1,0,0,0,0,0,0,0,0,0,0,0,0,4,4,4,2,2,10,5,1
13,4,1,0,0,0,0,0,1,1,0,1,0,0,0,0,0,0,0,0,0,0,0,0,0,0,171,315,378,2,2,10,4,1
13,3,1,1,0,0,0,0,0,0,1,0,0,0,0,0,0,0,0,0,0,0,0,0,0,0,63,73,211,2,2,10,4,1
9,12,1,0,0,0,0,0,1,0,1,0,0,0,0,0,0,0,0,1,0,0,0,0,0,0,86,169,857,2,2,10,4,1
9,12,1,0,0,0,0,0,1,0,1,0,0,0,0,0,0,0,0,1,0,0,0,0,0,0,53,340,411,2,2,10,4,1
9,12,1,0,0,0,0,0,1,0,1,0,0,0,0,0,0,0,0,1,0,0,0,0,0,0,47,225,254,2,2,10,4,1
9,1,1,1,0,0,0,0,0,0,1,0,0,0,0,0,0,0,0,0,0,0,0,0,0,0,108,710,988,1,1,4,5,1
9,1,1,1,0,0,0,0,0,0,1,0,0,0,0,0,0,0,0,0,0,0,0,0,0,0,27,330,399,1,1,4,5,1
9,1,1,1,0,0,0,0,0,0,1,0,0,0,0,0,0,0,0,0,0,0,0,0,0,0,16,16,16,2,2,10,5,1
9,4,1,0,0,0,0,0,1,1,0,1,0,0,0,0,0,0,0,0,0,0,0,0,0,0,78,93,487,2,2,10,4,1
9,3,1,1,0,0,0,0,0,0,1,0,0,0,0,0,0,0,0,0,0,0,0,0,0,0,86,118,125,2,2,10,4,1
9,4,1,0,0,0,0,0,1,1,0,1,0,0,0,0,0,0,0,0,0,0,0,0,0,0,94,123,130,2,2,10,4,1
10,36,1,1,0,0,0,0,0,0,1,0,0,1,0,0,0,0,0,0,0,0,0,0,0,0,125,190,212,1,1,4,4,1
10,3,1,1,0,0,0,0,0,0,1,0,0,0,0,0,0,0,0,0,0,0,0,0,0,0,-1,-1,-1,1,1,6,4,1
10,1,1,1,0,0,0,0,0,0,1,0,0,0,0,0,0,0,0,0,0,0,0,0,0,0,17,17,29,1,1,6,5,1
10,36,1,1,0,0,0,0,0,0,1,0,0,1,0,0,0,0,0,0,0,0,0,0,0,0,22,22,22,2,2,9,5,1
11,12,1,0,0,0,0,0,1,0,1,0,0,0,0,0,0,0,0,1,0,0,0,0,0,0,125,190,212,2,2,10,4,1
11,12,1,0,0,0,0,0,1,0,1,0,0,0,0,0,0,0,0,1,0,0,0,0,0,0,9,9,1189,2,2,10,4,1
11,12,1,0,0,0,0,0,1,0,1,0,0,0,0,0,0,0,0,1,0,0,0,0,0,0,91,172,189,1,1,6,4,1
14,2,1,1,0,0,0,0,0,0,0,0,0,1,0,0,0,0,0,0,0,0,0,0,0,0,7,7,7,2,2,10,4,1
14,3,1,1,0,0,0,0,0,0,1,0,0,0,0,0,0,0,0,0,0,0,0,0,0,0,14,14,14,2,2,10,4,1
14,3,1,1,0,0,0,0,0,0,1,0,0,0,0,0,0,0,0,0,0,0,0,0,0,0,22,22,22,1,1,6,4,1
14,7,1,1,1,0,1,0,1,1,1,1,0,1,0,1,0,1,1,1,1,1,0,0,0,0,103,436,2062,2,2,10,5,1
16,2,1,1,0,0,0,0,0,0,0,0,0,1,0,0,0,0,0,0,0,0,0,0,0,0,47,51,52,2,2,10,5,1
16,1,1,1,0,0,0,0,0,0,1,0,0,0,0,0,0,0,0,0,0,0,0,0,0,0,124,189,480,1,1,5,5,1
16,1,1,1,0,0,0,0,0,0,1,0,0,0,0,0,0,0,0,0,0,0,0,0,0,0,12,383,460,1,1,4,5,1
16,12,1,0,0,0,0,0,1,0,1,0,0,0,0,0,0,0,0,1,0,0,0,0,0,0,22,22,22,2,2,10,4,1
16,7,1,1,1,0,1,0,1,1,1,1,0,1,0,1,0,1,1,1,1,1,0,0,0,0,14,14,14,2,2,10,5,1
16,7,1,1,1,0,1,0,1,1,1,1,0,1,0,1,0,1,1,1,1,1,0,0,0,0,9,9,9,1,1,4,5,1
16,4,1,0,0,0,0,0,1,1,0,1,0,0,0,0,0,0,0,0,0,0,0,0,0,0,73,107,793,2,2,10,4,1
16,1,1,1,0,0,0,0,0,0,1,0,0,0,0,0,0,0,0,0,0,0,0,0,0,0,-1,-1,-1,1,1,4,5,1
16,12,1,0,0,0,0,0,1,0,1,0,0,0,0,0,0,0,0,1,0,0,0,0,0,0,62,72,74,2,2,10,4,1
15,12,1,0,0,0,0,0,1,0,1,0,0,0,0,0,0,0,0,1,0,0,0,0,0,0,152,263,318,1,1,-1,4,1
15,36,1,1,0,0,0,0,0,0,1,0,0,1,0,0,0,0,0,0,0,0,0,0,0,0,105,717,1001,2,2,10,5,1
15,1,1,1,0,0,0,0,0,0,1,0,0,0,0,0,0,0,0,0,0,0,0,0,0,0,129,498,644,1,1,-1,4,1
15,7,1,1,1,0,1,0,1,1,1,1,0,1,0,1,0,1,1,1,1,1,0,0,0,0,121,415,1838,2,2,9,5,1
15,4,1,0,0,0,0,0,1,1,0,1,0,0,0,0,0,0,0,0,0,0,0,0,0,0,134,208,1720,2,2,10,4,1
15,4,1,0,0,0,0,0,1,1,0,1,0,0,0,0,0,0,0,0,0,0,0,0,0,0,164,307,369,2,2,10,4,1
15,4,1,0,0,0,0,0,1,1,0,1,0,0,0,0,0,0,0,0,0,0,0,0,0,0,62,72,74,2,2,10,4,1
15,4,1,0,0,0,0,0,1,1,0,1,0,0,0,0,0,0,0,0,0,0,0,0,0,0,178,360,435,2,2,10,4,1
15,12,1,0,0,0,0,0,1,0,1,0,0,0,0,0,0,0,0,1,0,0,0,0,0,0,-1,-1,-1,2,2,10,4,1
15,17,1,1,0,0,0,0,0,0,1,0,0,0,0,0,0,0,0,1,0,0,0,0,0,0,51,928,1343,2,2,10,5,1
15,36,1,1,0,0,0,0,0,0,1,0,0,1,0,0,0,0,0,0,0,0,0,0,0,0,-1,-1,-1,2,2,8,4,1
15,35,1,1,0,0,0,0,0,0,1,0,0,0,0,0,0,0,0,1,0,0,0,0,0,0,57,1774,618,2,2,10,4,1
17,12,1,0,0,0,0,0,1,0,1,0,0,0,0,0,0,0,0,1,0,0,0,0,0,0,7,7,7,2,2,10,4,1
17,1,1,1,0,0,0,0,0,0,1,0,0,0,0,0,0,0,0,0,0,0,0,0,0,0,49,915,1921,1,1,4,5,1
17,12,1,0,0,0,0,0,1,0,1,0,0,0,0,0,0,0,0,1,0,0,0,0,0,0,24,723,1016,2,2,10,4,1
17,1,1,1,0,0,0,0,0,0,1,0,0,0,0,0,0,0,0,0,0,0,0,0,0,0,114,213,239,1,1,5,5,1
17,4,1,0,0,0,0,0,1,1,0,1,0,0,0,0,0,0,0,0,0,0,0,0,0,0,76,89,91,2,2,10,4,1
17,12,1,0,0,0,0,0,1,0,1,0,0,0,0,0,0,0,0,1,0,0,0,0,0,0,90,155,1562,2,2,10,4,1
17,4,1,0,0,0,0,0,1,1,0,1,0,0,0,0,0,0,0,0,0,0,0,0,0,0,44,95,99,2,2,10,4,1
8,12,1,0,0,0,0,0,1,0,1,0,0,0,0,0,0,0,0,1,0,0,0,0,0,0,98,128,135,2,2,10,4,1
8,4,1,0,0,0,0,0,1,1,0,1,0,0,0,0,0,0,0,0,0,0,0,0,0,0,86,105,109,1,1,-1,4,1
8,4,1,0,0,0,0,0,1,1,0,1,0,0,0,0,0,0,0,0,0,0,0,0,0,0,180,948,1372,2,2,9,4,1
8,3,1,1,0,0,0,0,0,0,1,0,0,0,0,0,0,0,0,0,0,0,0,0,0,0,109,914,1319,2,2,10,4,1
8,4,1,0,0,0,0,0,1,1,0,1,0,0,0,0,0,0,0,0,0,0,0,0,0,0,-1,-1,-1,2,2,10,4,1
8,4,1,0,0,0,0,0,1,1,0,1,0,0,0,0,0,0,0,0,0,0,0,0,0,0,-1,-1,-1,1,1,-1,4,1
8,11,1,1,0,0,0,0,0,0,1,0,0,0,0,0,0,0,0,0,0,0,0,0,0,0,13,13,183,2,2,10,5,1
8,4,1,0,0,0,0,0,1,1,0,1,0,0,0,0,0,0,0,0,0,0,0,0,0,0,16,16,16,2,2,10,4,1
8,13,1,1,0,0,0,0,0,0,0,0,0,1,0,0,0,0,0,0,0,0,0,0,0,0,44,228,258,2,2,10,4,1
8,4,1,0,0,0,0,0,1,1,0,1,0,0,0,0,0,0,0,0,0,0,0,0,0,0,111,153,170,2,2,10,4,1
18,1,1,1,0,0,0,0,0,0,1,0,0,0,0,0,0,0,0,0,0,0,0,0,0,0,114,213,239,1,1,5,5,1
18,12,1,0,0,0,0,0,1,0,1,0,0,0,0,0,0,0,0,1,0,0,0,0,0,0,118,178,195,2,2,10,4,1
18,7,1,1,1,0,1,0,1,1,1,1,0,1,0,1,0,1,1,1,1,1,0,0,0,0,109,150,160,1,1,6,5,1
18,12,1,0,0,0,0,0,1,0,1,0,0,0,0,0,0,0,0,1,0,0,0,0,0,0,70,581,779,2,2,10,4,1
18,3,1,1,0,0,0,0,0,0,1,0,0,0,0,0,0,0,0,0,0,0,0,0,0,0,62,72,1745,1,1,-1,4,1
18,13,1,1,0,0,0,0,0,0,0,0,0,1,0,0,0,0,0,0,0,0,0,0,0,0,10,10,10,2,2,10,4,1
18,7,1,1,1,0,1,0,1,1,1,1,0,1,0,1,0,1,1,1,1,1,0,0,0,0,64,75,77,2,2,10,5,1
18,4,1,0,0,0,0,0,1,1,0,1,0,0,0,0,0,0,0,0,0,0,0,0,0,0,10,10,10,2,2,10,4,1
18,14,1,1,0,0,0,0,0,0,1,0,0,0,0,0,0,0,0,0,1,1,0,0,0,0,190,431,713,2,2,10,4,1
12,12,1,0,0,0,0,0,1,0,1,0,0,0,0,0,0,0,0,1,0,0,0,0,0,0,-1,-1,-1,2,2,9,4,1
12,3,1,1,0,0,0,0,0,0,1,0,0,0,0,0,0,0,0,0,0,0,0,0,0,0,37,38,93,1,1,6,4,1
12,4,1,0,0,0,0,0,1,1,0,1,0,0,0,0,0,0,0,0,0,0,0,0,0,0,52,56,57,2,2,10,5,1
12,4,1,0,0,0,0,0,1,1,0,1,0,0,0,0,0,0,0,0,0,0,0,0,0,0,-1,-1,-1,2,2,10,4,1
12,1,1,1,0,0,0,0,0,0,1,0,0,0,0,0,0,0,0,0,0,0,0,0,0,0,-1,-1,-1,1,1,4,5,1
12,4,1,0,0,0,0,0,1,1,0,1,0,0,0,0,0,0,0,0,0,0,0,0,0,0,63,73,211,2,2,10,4,1
12,4,1,0,0,0,0,0,1,1,0,1,0,0,0,0,0,0,0,0,0,0,0,0,0,0,67,295,356,2,2,10,4,1
12,3,1,1,0,0,0,0,0,0,1,0,0,0,0,0,0,0,0,0,0,0,0,0,0,0,175,886,1282,1,1,6,4,1
12,3,1,1,0,0,0,0,0,0,1,0,0,0,0,0,0,0,0,0,0,0,0,0,0,0,-1,-1,-1,2,2,9,4,1
12,12,1,0,0,0,0,0,1,0,1,0,0,0,0,0,0,0,0,1,0,0,0,0,0,0,139,930,1345,2,2,10,4,1
12,12,1,0,0,0,0,0,1,0,1,0,0,0,0,0,0,0,0,1,0,0,0,0,0,0,209,1096,1599,2,2,10,4,1
12,1,1,1,0,0,0,0,0,0,1,0,0,0,0,0,0,0,0,0,0,0,0,0,0,0,21,1375,1969,1,1,-1,4,1
13,3,1,1,0,0,0,0,0,0,1,0,0,0,0,0,0,0,0,0,0,0,0,0,0,0,124,189,210,1,1,4,5,1
13,1,1,1,0,0,0,0,0,0,1,0,0,0,0,0,0,0,0,0,0,0,0,0,0,0,-1,-1,-1,1,1,-1,4,1
13,4,1,0,0,0,0,0,1,1,0,1,0,0,0,0,0,0,0,0,0,0,0,0,0,0,184,399,482,2,2,10,4,1
13,3,1,1,0,0,0,0,0,0,1,0,0,0,0,0,0,0,0,0,0,0,0,0,0,0,-1,-1,-1,2,2,9,4,1
13,10,1,0,0,0,0,0,1,0,0,0,0,0,0,0,0,0,1,0,0,0,0,0,0,0,13,13,13,1,1,4,5,1
13,12,1,0,0,0,0,0,1,0,1,0,0,0,0,0,0,0,0,1,0,0,0,0,0,0,96,983,1428,2,2,10,4,1
13,4,1,0,0,0,0,0,1,1,0,1,0,0,0,0,0,0,0,0,0,0,0,0,0,0,64,75,77,2,2,10,4,1
13,3,1,1,0,0,0,0,0,0,1,0,0,0,0,0,0,0,0,0,0,0,0,0,0,0,160,284,341,1,1,5,4,1
13,4,1,0,0,0,0,0,1,1,0,1,0,0,0,0,0,0,0,0,0,0,0,0,0,0,174,557,743,2,2,10,4,1
13,4,1,0,0,0,0,0,1,1,0,1,0,0,0,0,0,0,0,0,0,0,0,0,0,0,12,496,642,2,2,10,4,1
13,4,1,0,0,0,0,0,1,1,0,1,0,0,0,0,0,0,0,0,0,0,0,0,0,0,173,1025,1479,2,2,10,4,1
13,3,1,1,0,0,0,0,0,0,1,0,0,0,0,0,0,0,0,0,0,0,0,0,0,0,-1,-1,-1,1,1,4,4,1
9,12,1,0,0,0,0,0,1,0,1,0,0,0,0,0,0,0,0,1,0,0,0,0,0,0,57,556,742,2,2,10,4,1
9,12,1,0,0,0,0,0,1,0,1,0,0,0,0,0,0,0,0,1,0,0,0,0,0,0,14,14,14,2,2,10,4,1
9,4,1,0,0,0,0,0,1,1,0,1,0,0,0,0,0,0,0,0,0,0,0,0,0,0,73,107,111,2,2,10,4,1
9,12,1,0,0,0,0,0,1,0,1,0,0,0,0,0,0,0,0,1,0,0,0,0,0,0,121,359,434,2,2,10,4,1
9,4,1,0,0,0,0,0,1,1,0,1,0,0,0,0,0,0,0,0,0,0,0,0,0,0,5,266,313,2,2,10,4,1
9,3,1,1,0,0,0,0,0,0,1,0,0,0,0,0,0,0,0,0,0,0,0,0,0,0,105,143,152,1,1,5,4,1
9,1,1,1,0,0,0,0,0,0,1,0,0,0,0,0,0,0,0,0,0,0,0,0,0,0,86,246,286,1,1,6,5,1
9,3,1,1,0,0,0,0,0,0,1,0,0,0,0,0,0,0,0,0,0,0,0,0,0,0,86,675,931,1,1,6,4,1
10,14,1,1,0,0,0,0,0,0,1,0,0,0,0,0,0,0,0,0,1,1,0,0,0,0,21,1054,1532,2,2,10,4,1
10,4,1,0,0,0,0,0,1,1,0,1,0,0,0,0,0,0,0,0,0,0,0,0,0,0,22,22,22,2,2,10,4,1
10,1,1,1,0,0,0,0,0,0,1,0,0,0,0,0,0,0,0,0,0,0,0,0,0,0,57,119,126,2,2,10,5,1
10,4,1,0,0,0,0,0,1,1,0,1,0,0,0,0,0,0,0,0,0,0,0,0,0,0,14,14,1410,2,2,10,4,1
10,3,1,1,0,0,0,0,0,0,1,0,0,0,0,0,0,0,0,0,0,0,0,0,0,0,-1,-1,-1,1,1,5,5,1
10,12,1,0,0,0,0,0,1,0,1,0,0,0,0,0,0,0,0,1,0,0,0,0,0,0,7,7,563,2,2,10,4,1
10,4,1,0,0,0,0,0,1,1,0,1,0,0,0,0,0,0,0,0,0,0,0,0,0,0,12,66,67,2,2,10,4,1
10,35,1,1,0,0,0,0,0,0,1,0,0,0,0,0,0,0,0,0,0,0,0,0,0,0,46,50,51,2,2,10,5,1
11,3,1,1,0,0,0,0,0,0,1,0,0,0,0,0,0,0,0,0,0,0,0,0,0,0,-1,-1,-1,1,1,5,5,1
11,3,1,1,0,0,0,0,0,0,1,0,0,0,0,0,0,0,0,0,0,0,0,0,0,0,14,14,14,1,1,6,4,1
11,4,1,0,0,0,0,0,1,1,0,1,0,0,0,0,0,0,0,0,0,0,0,0,0,0,15,1173,1722,2,2,10,4,1
11,4,1,0,0,0,0,0,1,1,0,1,0,0,0,0,0,0,0,0,0,0,0,0,0,0,-1,-1,-1,2,2,10,4,1
11,12,1,0,0,0,0,0,1,0,1,0,0,0,0,0,0,0,0,1,0,0,0,0,0,0,-1,-1,-1,2,2,10,4,1
11,4,1,0,0,0,0,0,1,1,0,1,0,0,0,0,0,0,0,0,0,0,0,0,0,0,22,22,22,2,2,10,4,1
11,4,1,0,0,0,0,0,1,1,0,1,0,0,0,0,0,0,0,0,0,0,0,0,0,0,209,799,1140,2,2,10,4,1
11,4,1,0,0,0,0,0,1,1,0,1,0,0,0,0,0,0,0,0,0,0,0,0,0,0,14,14,14,2,2,10,4,1
11,12,1,0,0,0,0,0,1,0,1,0,0,0,0,0,0,0,0,1,0,0,0,0,0,0,125,190,588,2,2,10,4,1
11,4,1,0,0,0,0,0,1,1,0,1,0,0,0,0,0,0,0,0,0,0,0,0,0,0,110,151,161,1,1,6,4,1
11,1,1,1,0,0,0,0,0,0,1,0,0,0,0,0,0,0,0,0,0,0,0,0,0,0,96,393,473,1,1,5,5,1
14,12,1,0,0,0,0,0,1,0,1,0,0,0,0,0,0,0,0,1,0,0,0,0,0,0,22,22,22,2,2,10,4,1
14,4,1,0,0,0,0,0,1,1,0,1,0,0,0,0,0,0,0,0,0,0,0,0,0,0,71,83,85,2,2,10,4,1
14,12,1,0,0,0,0,0,1,0,1,0,0,0,0,0,0,0,0,1,0,0,0,0,0,0,-1,-1,-1,2,2,10,4,1
14,14,1,1,0,0,0,0,0,0,1,0,0,0,0,0,0,0,0,0,1,1,0,0,0,0,56,61,62,2,2,10,4,1
16,12,1,0,0,0,0,0,1,0,1,0,0,0,0,0,0,0,0,1,0,0,0,0,0,0,169,321,387,2,2,10,4,1
16,12,1,0,0,0,0,0,1,0,1,0,0,0,0,0,0,0,0,1,0,0,0,0,0,0,110,151,161,2,2,10,4,1
16,11,1,1,0,0,0,0,0,0,1,0,0,0,0,0,0,0,0,0,0,0,0,0,0,0,150,362,542,2,2,10,4,1
16,13,1,1,0,0,0,0,0,0,0,0,0,1,0,0,0,0,0,0,0,0,0,0,0,0,17,17,1091,2,2,10,4,1
16,1,1,1,0,0,0,0,0,0,1,0,0,0,0,0,0,0,0,0,0,0,0,0,0,0,110,151,161,1,1,4,5,1
16,12,1,0,0,0,0,0,1,0,1,0,0,0,0,0,0,0,0,1,0,0,0,0,0,0,52,511,726,2,2,10,4,1
16,1,1,1,0,0,0,0,0,0,1,0,0,0,0,0,0,0,0,0,0,0,0,0,0,0,52,512,667,2,2,10,5,1
16,1,1,1,0,0,0,0,0,0,1,0,0,0,0,0,0,0,0,0,0,0,0,0,0,0,28,28,28,1,1,5,5,1
15,3,1,1,0,0,0,0,0,0,1,0,0,0,0,0,0,0,0,0,0,0,0,0,0,0,32,33,1283,2,2,10,4,1
15,1,1,1,0,0,0,0,0,0,1,0,0,0,0,0,0,0,0,0,0,0,0,0,0,0,34,35,36,1,1,5,5,1
15,1,1,1,0,0,0,0,0,0,1,0,0,0,0,0,0,0,0,0,0,0,0,0,0,0,6,6,6,1,1,6,5,1
15,4,1,0,0,0,0,0,1,1,0,1,0,0,0,0,0,0,0,0,0,0,0,0,0,0,41,559,511,2,2,10,4,1
15,10,1,0,0,0,0,0,1,0,0,0,0,0,0,0,0,0,1,0,0,0,0,0,0,0,16,16,16,1,1,-1,4,1
15,7,1,1,1,0,1,0,1,1,1,1,0,1,0,1,0,1,1,1,1,1,0,0,0,0,46,50,51,2,2,10,5,1
15,4,1,0,0,0,0,0,1,1,0,1,0,0,0,0,0,0,0,0,0,0,0,0,0,0,2,2,2,2,2,10,4,1
17,19,1,1,0,0,0,0,0,0,1,0,0,0,0,0,0,0,0,0,0,0,0,0,0,0,13,13,1262,2,2,10,5,1
17,24,1,0,0,0,0,0,0,0,1,0,0,1,0,0,0,0,0,0,1,0,0,0,0,0,153,714,997,2,2,10,4,1
17,4,1,0,0,0,0,0,1,1,0,1,0,0,0,0,0,0,0,0,0,0,0,0,0,0,62,72,74,2,2,10,4,1
17,4,1,0,0,0,0,0,1,1,0,1,0,0,0,0,0,0,0,0,0,0,0,0,0,0,73,86,88,1,1,4,4,1
17,7,1,1,1,0,1,0,1,1,1,1,0,1,0,1,0,1,1,1,1,1,0,0,0,0,22,22,22,1,1,4,5,1
17,4,1,0,0,0,0,0,1,1,0,1,0,0,0,0,0,0,0,0,0,0,0,0,0,0,-1,-1,-1,2,2,10,4,1
17,4,1,0,0,0,0,0,1,1,0,1,0,0,0,0,0,0,0,0,0,0,0,0,0,0,53,198,246,2,2,10,4,1
17,4,1,0,0,0,0,0,1,1,0,1,0,0,0,0,0,0,0,0,0,0,0,0,0,0,157,1179,1732,1,1,-1,4,1
17,23,1,1,0,0,0,0,0,0,1,0,0,0,0,0,0,0,0,0,0,0,0,0,0,0,26,26,122,1,1,-1,4,1
8,53,0,1,0,0,0,0,0,1,0,0,0,0,0,0,0,0,0,0,0,0,0,0,0,0,64,75,77,1,1,-1,4,1
8,50,1,1,0,0,0,0,0,0,0,0,0,0,0,0,0,0,0,0,0,0,0,0,0,0,15,191,213,1,1,-1,4,1
8,50,1,1,0,0,0,0,0,0,0,0,0,0,0,0,0,0,0,0,0,0,0,0,0,0,44,117,124,2,2,10,4,1
8,51,1,0,0,0,0,0,0,0,0,0,0,1,0,0,0,0,0,0,0,0,0,0,0,0,137,217,244,2,2,10,4,1
8,4,1,0,0,0,0,0,1,1,0,1,0,0,0,0,0,0,0,0,0,0,0,0,0,0,121,359,434,2,2,10,4,1
8,9,1,1,1,0,0,0,1,1,1,1,0,1,0,0,0,1,1,1,1,1,0,0,0,0,20,74,76,1,1,4,4,1
8,1,1,1,0,0,0,0,0,0,1,0,0,0,0,0,0,0,0,0,0,0,0,0,0,0,110,745,1058,2,2,10,5,1
8,1,1,1,0,0,0,0,0,0,1,0,0,0,0,0,0,0,0,0,0,0,0,0,0,0,152,263,318,1,1,4,5,1
8,4,1,0,0,0,0,0,1,1,0,1,0,0,0,0,0,0,0,0,0,0,0,0,0,0,66,844,1218,2,2,10,4,1
8,15,1,1,0,0,0,0,1,0,1,1,0,0,0,0,0,0,0,0,0,0,0,0,0,0,62,72,1168,1,1,6,5,1
8,1,1,1,0,0,0,0,0,0,1,0,0,0,0,0,0,0,0,0,0,0,0,0,0,0,177,420,819,1,1,4,5,1
18,13,1,1,0,0,0,0,0,0,0,0,0,1,0,0,0,0,0,0,0,0,0,0,0,0,22,22,22,2,2,10,4,1
18,24,1,0,0,0,0,0,0,0,1,0,0,1,0,0,0,0,0,0,1,0,0,0,0,0,181,382,458,2,2,10,4,1
18,27,1,1,0,0,0,0,1,0,1,0,0,0,0,0,0,0,1,0,0,0,0,0,0,0,7,7,631,2,2,10,4,1
18,4,1,0,0,0,0,0,1,1,0,1,0,0,0,0,0,0,0,0,0,0,0,0,0,0,90,155,1562,2,2,10,4,1
18,13,1,1,0,0,0,0,0,0,0,0,0,1,0,0,0,0,0,0,0,0,0,0,0,0,51,502,651,2,2,10,4,1
18,12,1,0,0,0,0,0,1,0,1,0,0,0,0,0,0,0,0,1,0,0,0,0,0,0,83,101,105,2,2,10,4,1
18,24,1,0,0,0,0,0,0,0,1,0,0,1,0,0,0,0,0,0,1,0,0,0,0,0,14,14,14,2,2,10,4,1
18,12,1,0,0,0,0,0,1,0,1,0,0,0,0,0,0,0,0,1,0,0,0,0,0,0,31,32,1052,2,2,10,4,1
18,24,1,0,0,0,0,0,0,0,1,0,0,1,0,0,0,0,0,0,1,0,0,0,0,0,145,537,712,1,1,-1,4,1
18,24,1,0,0,0,0,0,0,0,1,0,0,1,0,0,0,0,0,0,1,0,0,0,0,0,149,253,295,2,2,10,4,1
12,4,1,0,0,0,0,0,1,1,0,1,0,0,0,0,0,0,0,0,0,0,0,0,0,0,151,262,308,1,1,-1,4,1
12,92,1,1,0,0,0,0,0,0,1,0,0,1,0,0,0,0,0,0,0,0,0,0,0,0,7,7,7,2,2,7,5,1
12,12,1,0,0,0,0,0,1,0,1,0,0,0,0,0,0,0,0,1,0,0,0,0,0,0,52,1422,2006,2,2,10,4,1
12,4,1,0,0,0,0,0,1,1,0,1,0,0,0,0,0,0,0,0,0,0,0,0,0,0,17,17,29,2,2,10,4,1
12,27,1,1,0,0,0,0,0,0,1,0,0,1,0,0,0,0,1,0,0,0,0,0,0,0,77,90,92,2,2,9,4,1
13,12,1,0,0,0,0,0,1,0,1,0,0,0,0,0,0,0,0,1,0,0,0,0,0,0,59,64,65,2,2,10,4,1
13,15,1,1,0,0,0,0,1,0,1,1,0,0,0,0,0,0,0,0,0,0,0,0,0,0,111,153,164,2,2,10,4,1
13,4,1,0,0,0,0,0,1,1,0,1,0,0,0,0,0,0,0,0,0,0,0,0,0,0,7,7,2003,2,2,10,4,1
13,12,1,0,0,0,0,0,1,0,1,0,0,0,0,0,0,0,0,1,0,0,0,0,0,0,106,347,572,2,2,10,4,1
13,4,1,0,0,0,0,0,1,1,0,1,0,0,0,0,0,0,0,0,0,0,0,0,0,0,47,225,254,2,2,10,5,1
13,4,1,0,0,0,0,0,1,1,0,1,0,0,0,0,0,0,0,0,0,0,0,0,0,0,7,7,7,2,2,10,4,1
13,4,1,0,0,0,0,0,1,1,0,1,0,0,0,0,0,0,0,0,0,0,0,0,0,0,139,221,249,2,2,10,4,1
9,4,1,0,0,0,0,0,1,1,0,1,0,0,0,0,0,0,0,0,0,0,0,0,0,0,16,16,16,2,2,10,4,1
9,4,1,0,0,0,0,0,1,1,0,1,0,0,0,0,0,0,0,0,0,0,0,0,0,0,14,14,14,2,2,10,4,1
9,4,1,0,0,0,0,0,1,1,0,1,0,0,0,0,0,0,0,0,0,0,0,0,0,0,63,73,75,2,2,10,4,1
9,4,1,0,0,0,0,0,1,1,0,1,0,0,0,0,0,0,0,0,0,0,0,0,0,0,24,723,1016,2,2,10,4,1
9,4,1,0,0,0,0,0,1,1,0,1,0,0,0,0,0,0,0,0,0,0,0,0,0,0,15,712,1424,2,2,10,4,1
9,4,1,0,0,0,0,0,1,1,0,1,0,0,0,0,0,0,0,0,0,0,0,0,0,0,192,439,932,2,2,10,4,1
9,12,1,0,0,0,0,0,1,0,1,0,0,0,0,0,0,0,0,1,0,0,0,0,0,0,-1,-1,-1,2,2,10,4,1
9,3,1,1,0,0,0,0,0,0,1,0,0,0,0,0,0,0,0,0,0,0,0,0,0,0,17,17,29,2,2,9,4,1
9,4,1,0,0,0,0,0,1,1,0,1,0,0,0,0,0,0,0,0,0,0,0,0,0,0,83,101,1011,2,2,10,4,1
9,2,1,1,0,0,0,0,0,0,0,0,0,1,0,0,0,0,0,0,0,0,0,0,0,0,22,22,22,2,2,10,4,1
9,12,1,0,0,0,0,0,1,0,1,0,0,0,0,0,0,0,0,1,0,0,0,0,0,0,117,269,1178,2,2,10,4,1
9,4,1,0,0,0,0,0,1,1,0,1,0,0,0,0,0,0,0,0,0,0,0,0,0,0,184,399,482,2,2,10,4,1
10,17,1,0,0,0,0,0,0,0,1,0,0,0,0,0,0,0,0,1,0,0,0,0,0,0,87,106,110,2,2,10,4,1
10,4,1,0,0,0,0,0,1,1,0,1,0,0,0,0,0,0,0,0,0,0,0,0,0,0,39,458,576,2,2,10,4,1
10,10,1,0,0,0,0,0,1,0,0,0,0,0,0,0,0,0,1,0,0,0,0,0,0,0,85,666,915,2,2,10,5,1
10,12,1,0,0,0,0,0,1,0,1,0,0,0,0,0,0,0,0,1,0,0,0,0,0,0,22,22,22,2,2,10,4,1
10,12,1,0,0,0,0,0,1,0,1,0,0,0,0,0,0,0,0,1,0,0,0,0,0,0,2,416,717,2,2,10,4,1
10,4,1,0,0,0,0,0,1,1,0,1,0,0,0,0,0,0,0,0,0,0,0,0,0,0,147,238,274,1,1,6,4,1
10,1,1,1,0,0,0,0,0,0,1,0,0,0,0,0,0,0,0,0,0,0,0,0,0,0,136,215,242,2,2,10,5,1
10,12,1,0,0,0,0,0,1,0,1,0,0,0,0,0,0,0,0,1,0,0,0,0,0,0,41,451,117,2,2,10,4,1
10,1,1,1,0,0,0,0,0,0,1,0,0,0,0,0,0,0,0,0,0,0,0,0,0,0,6,6,1504,1,1,-1,4,1
11,12,1,0,0,0,0,0,1,0,1,0,0,0,0,0,0,0,0,1,0,0,0,0,0,0,46,50,1234,2,2,10,4,1
11,12,1,0,0,0,0,0,1,0,1,0,0,0,0,0,0,0,0,1,0,0,0,0,0,0,77,90,92,2,2,10,4,1
11,4,1,0,0,0,0,0,1,1,0,1,0,0,0,0,0,0,0,0,0,0,0,0,0,0,93,122,575,2,2,10,4,1
11,4,1,0,0,0,0,0,1,1,0,1,0,0,0,0,0,0,0,0,0,0,0,0,0,0,42,45,46,2,2,10,4,1
11,4,1,0,0,0,0,0,1,1,0,1,0,0,0,0,0,0,0,0,0,0,0,0,0,0,98,231,262,2,2,10,4,1
11,3,1,1,0,0,0,0,0,0,1,0,0,0,0,0,0,0,0,0,0,0,0,0,0,0,53,102,106,1,1,4,4,1
11,4,1,0,0,0,0,0,1,1,0,1,0,0,0,0,0,0,0,0,0,0,0,0,0,0,111,153,170,2,2,10,4,1
11,12,1,0,0,0,0,0,1,0,1,0,0,0,0,0,0,0,0,1,0,0,0,0,0,0,15,114,118,2,2,10,4,1
11,35,1,1,0,0,0,0,0,0,1,0,0,0,0,0,0,0,0,0,0,0,0,0,0,0,17,17,29,2,2,10,4,1
11,4,1,0,0,0,0,0,1,1,0,1,0,0,0,0,0,0,0,0,0,0,0,0,0,0,72,84,86,2,2,10,4,1
11,4,1,0,0,0,0,0,1,1,0,1,0,0,0,0,0,0,0,0,0,0,0,0,0,0,94,123,130,1,1,-1,4,1
11,12,1,0,0,0,0,0,1,0,1,0,0,0,0,0,0,0,0,1,0,0,0,0,0,0,22,22,22,2,2,10,4,1
11,4,1,0,0,0,0,0,1,1,0,1,0,0,0,0,0,0,0,0,0,0,0,0,0,0,75,88,90,2,2,10,4,1
11,4,1,0,0,0,0,0,1,1,0,1,0,0,0,0,0,0,0,0,0,0,0,0,0,0,176,342,413,2,2,10,4,1
14,4,1,0,0,0,0,0,1,1,0,1,0,0,0,0,0,0,0,0,0,0,0,0,0,0,99,131,138,2,2,10,4,1
14,4,1,0,0,0,0,0,1,1,0,1,0,0,0,0,0,0,0,0,0,0,0,0,0,0,29,30,69,2,2,10,4,1
14,12,1,0,0,0,0,0,1,0,1,0,0,0,0,0,0,0,0,1,0,0,0,0,0,0,34,35,36,2,2,10,4,1
14,4,1,0,0,0,0,0,1,1,0,1,0,0,0,0,0,0,0,0,0,0,0,0,0,0,57,535,710,2,2,10,4,1
14,13,1,1,0,0,0,0,0,0,0,0,0,1,0,0,0,0,0,0,0,0,0,0,0,0,23,214,240,2,2,10,4,1
14,4,1,0,0,0,0,0,1,1,0,1,0,0,0,0,0,0,0,0,0,0,0,0,0,0,186,882,1278,2,2,9,4,1
16,14,1,1,0,0,0,0,0,0,1,0,0,0,0,0,0,0,0,0,1,1,0,0,0,0,12,209,234,2,2,10,4,1
16,4,1,0,0,0,0,0,1,1,0,1,0,0,0,0,0,0,0,0,0,0,0,0,0,0,22,22,22,2,2,10,4,1
16,3,1,1,0,0,0,0,0,0,1,0,0,0,0,0,0,0,0,0,0,0,0,0,0,0,182,555,465,1,1,-1,4,1
16,2,1,1,0,0,0,0,0,0,0,0,0,1,0,0,0,0,0,0,0,0,0,0,0,0,22,22,22,2,2,10,4,1
16,12,1,0,0,0,0,0,1,0,1,0,0,0,0,0,0,0,0,1,0,0,0,0,0,0,56,61,62,2,2,10,4,1
16,15,1,1,0,0,0,0,1,0,1,1,0,0,0,0,0,0,0,0,0,0,0,0,0,0,143,230,1539,1,1,6,5,1
15,4,1,0,0,0,0,0,1,1,0,1,0,0,0,0,0,0,0,0,0,0,0,0,0,0,23,312,554,2,2,10,4,1
15,4,1,0,0,0,0,0,1,1,0,1,0,0,0,0,0,0,0,0,0,0,0,0,0,0,137,217,795,2,2,10,4,1
15,12,1,0,0,0,0,0,1,0,1,0,0,0,0,0,0,0,0,1,0,0,0,0,0,0,41,451,565,2,2,10,4,1
15,4,1,0,0,0,0,0,1,1,0,1,0,0,0,0,0,0,0,0,0,0,0,0,0,0,164,527,697,2,2,9,4,1
15,4,1,0,0,0,0,0,1,1,0,1,0,0,0,0,0,0,0,0,0,0,0,0,0,0,140,250,292,2,2,10,4,1
15,4,1,0,0,0,0,0,1,1,0,1,0,0,0,0,0,0,0,0,0,0,0,0,0,0,14,14,14,2,2,10,4,1
17,4,1,0,0,0,0,0,1,1,0,1,0,0,0,0,0,0,0,0,0,0,0,0,0,0,164,299,360,2,2,10,4,1
17,1,1,1,0,0,0,0,0,0,1,0,0,0,0,0,0,0,0,0,0,0,0,0,0,0,15,114,118,2,2,10,5,1
17,4,1,0,0,0,0,0,1,1,0,1,0,0,0,0,0,0,0,0,0,0,0,0,0,0,36,370,837,2,2,10,4,1
17,14,1,1,0,0,0,0,0,0,1,0,0,0,0,0,0,0,0,0,1,1,0,0,0,0,116,327,395,2,2,10,4,1
8,71,1,0,0,0,0,0,1,1,0,0,0,0,0,0,0,0,0,0,0,0,0,0,0,0,-1,-1,-1,2,2,8,4,1
8,80,1,1,1,0,0,0,0,0,0,0,0,1,0,0,0,0,0,0,0,1,0,0,0,0,47,51,52,2,2,10,4,1
8,12,1,0,0,0,0,0,1,0,1,0,0,0,0,0,0,0,0,1,0,0,0,0,0,0,178,360,435,2,2,10,4,1
8,12,1,0,0,0,0,0,1,0,1,0,0,0,0,0,0,0,0,1,0,0,0,0,0,0,6,6,6,2,2,10,4,1
8,4,1,0,0,0,0,0,1,1,0,1,0,0,0,0,0,0,0,0,0,0,0,0,0,0,4,366,442,2,2,10,4,1
8,4,1,0,0,0,0,0,1,1,0,1,0,0,0,0,0,0,0,0,0,0,0,0,0,0,115,1419,868,2,2,10,4,1
8,4,1,0,0,0,0,0,1,1,0,1,0,0,0,0,0,0,0,0,0,0,0,0,0,0,152,263,309,2,2,10,4,1
8,12,1,0,0,0,0,0,1,0,1,0,0,0,0,0,0,0,0,1,0,0,0,0,0,0,66,1213,1780,2,2,10,4,1
8,4,1,0,0,0,0,0,1,1,0,1,0,0,0,0,0,0,0,0,0,0,0,0,0,0,22,22,22,2,2,10,4,1
8,12,1,0,0,0,0,0,1,0,1,0,0,0,0,0,0,0,0,1,0,0,0,0,0,0,51,1137,1670,2,2,10,4,1
8,12,1,0,0,0,0,0,1,0,1,0,0,0,0,0,0,0,0,1,0,0,0,0,0,0,-1,-1,-1,2,2,9,4,1
8,4,1,0,0,0,0,0,1,1,0,1,0,0,0,0,0,0,0,0,0,0,0,0,0,0,53,669,923,2,2,10,4,1
8,4,1,0,0,0,0,0,1,1,0,1,0,0,0,0,0,0,0,0,0,0,0,0,0,0,62,72,74,2,2,10,4,1
8,4,1,0,0,0,0,0,1,1,0,1,0,0,0,0,0,0,0,0,0,0,0,0,0,0,37,38,93,2,2,10,4,1
18,4,1,0,0,0,0,0,1,1,0,1,0,0,0,0,0,0,0,0,0,0,0,0,0,0,125,190,212,2,2,9,4,1
18,14,1,1,0,0,0,0,0,0,1,0,0,0,0,0,0,0,0,0,1,1,0,0,0,0,15,197,765,2,2,10,4,1
12,12,1,0,0,0,0,0,1,0,1,0,0,0,0,0,0,0,0,1,0,0,0,0,0,0,106,347,572,2,2,10,4,1
12,12,1,0,0,0,0,0,1,0,1,0,0,0,0,0,0,0,0,1,0,0,0,0,0,0,57,796,1133,2,2,9,4,1
12,12,1,0,0,0,0,0,1,0,1,0,0,0,0,0,0,0,0,1,0,0,0,0,0,0,47,51,52,2,2,10,4,1
12,4,1,0,0,0,0,0,1,1,0,1,0,0,0,0,0,0,0,0,0,0,0,0,0,0,149,253,295,2,2,10,4,1
12,12,1,0,0,0,0,0,1,0,1,0,0,0,0,0,0,0,0,1,0,0,0,0,0,0,88,627,855,2,2,9,4,1
12,12,1,0,0,0,0,0,1,0,1,0,0,0,0,0,0,0,0,1,0,0,0,0,0,0,67,295,356,2,2,10,4,1
13,12,1,0,0,0,0,0,1,0,1,0,0,0,0,0,0,0,0,1,0,0,0,0,0,0,118,178,579,2,2,10,4,1
13,12,1,0,0,0,0,0,1,0,1,0,0,0,0,0,0,0,0,1,0,0,0,0,0,0,82,100,104,2,2,10,4,1
13,4,1,0,0,0,0,0,1,1,0,1,0,0,0,0,0,0,0,0,0,0,0,0,0,0,52,56,57,2,2,10,4,1
13,1,1,1,0,0,0,0,0,0,1,0,0,0,0,0,0,0,0,0,0,0,0,0,0,0,93,170,187,1,1,4,5,1
13,4,1,0,0,0,0,0,1,1,0,1,0,0,0,0,0,0,0,0,0,0,0,0,0,0,62,72,74,2,2,10,4,1
13,12,1,0,0,0,0,0,1,0,1,0,0,0,0,0,0,0,0,1,0,0,0,0,0,0,52,242,282,2,2,10,4,1
9,3,1,1,0,0,0,0,0,0,1,0,0,0,0,0,0,0,0,0,0,0,0,0,0,0,8,8,8,1,1,6,4,1
9,12,1,0,0,0,0,0,1,0,1,0,0,0,0,0,0,0,0,1,0,0,0,0,0,0,12,496,642,2,2,10,4,1
9,4,1,0,0,0,0,0,1,1,0,1,0,0,0,0,0,0,0,0,0,0,0,0,0,0,47,51,52,2,2,10,4,1
9,12,1,0,0,0,0,0,1,0,1,0,0,0,0,0,0,0,0,1,0,0,0,0,0,0,192,439,539,2,2,10,4,1
9,12,1,0,0,0,0,0,1,0,1,0,0,0,0,0,0,0,0,1,0,0,0,0,0,0,71,83,459,2,2,10,4,1
9,4,1,0,0,0,0,0,1,1,0,1,0,0,0,0,0,0,0,0,0,0,0,0,0,0,149,526,564,2,2,10,4,1
9,4,1,0,0,0,0,0,1,1,0,1,0,0,0,0,0,0,0,0,0,0,0,0,0,0,158,281,337,2,2,10,4,1
9,14,1,1,0,0,0,0,0,0,1,0,0,0,0,0,0,0,0,0,1,1,0,0,0,0,12,764,1089,2,2,10,4,1
9,4,1,0,0,0,0,0,1,1,0,1,0,0,0,0,0,0,0,0,0,0,0,0,0,0,86,162,178,2,2,10,4,1
9,15,1,1,0,0,0,0,1,0,1,1,0,0,0,0,0,0,0,0,0,0,0,0,0,0,22,22,22,1,1,6,4,1
10,12,1,0,0,0,0,0,1,0,1,0,0,0,0,0,0,0,0,1,0,0,0,0,0,0,166,701,1187,2,2,10,4,1
10,12,1,0,0,0,0,0,1,0,1,0,0,0,0,0,0,0,0,1,0,0,0,0,0,0,141,574,767,2,2,10,4,1
10,12,1,0,0,0,0,0,1,0,1,0,0,0,0,0,0,0,0,1,0,0,0,0,0,0,86,478,834,2,2,10,4,1
10,4,1,0,0,0,0,0,1,1,0,1,0,0,0,0,0,0,0,0,0,0,0,0,0,0,207,643,977,2,2,10,4,1
10,12,1,0,0,0,0,0,1,0,1,0,0,0,0,0,0,0,0,1,0,0,0,0,0,0,125,190,212,2,2,10,4,1
10,12,1,0,0,0,0,0,1,0,1,0,0,0,0,0,0,0,0,1,0,0,0,0,0,0,4,268,319,2,2,10,4,1
10,9,1,1,1,0,0,0,1,1,1,1,0,1,0,0,0,1,1,1,1,1,0,0,0,0,14,14,865,1,1,6,4,1
10,2,1,1,0,0,0,0,0,0,0,0,0,1,0,0,0,0,0,0,0,0,0,0,0,0,40,454,570,2,2,10,4,1
10,4,1,0,0,0,0,0,1,1,0,1,0,0,0,0,0,0,0,0,0,0,0,0,0,0,44,95,99,2,2,10,4,1
10,14,1,1,0,0,0,0,0,0,1,0,0,0,0,0,0,0,0,0,1,1,0,0,0,0,-1,-1,-1,2,2,10,4,1
10,1,1,1,0,0,0,0,0,0,1,0,0,0,0,0,0,0,0,0,0,0,0,0,0,0,51,296,357,1,1,5,5,1
10,12,1,0,0,0,0,0,1,0,1,0,0,0,0,0,0,0,0,1,0,0,0,0,0,0,51,576,773,2,2,10,4,1
10,12,1,0,0,0,0,0,1,0,1,0,0,0,0,0,0,0,0,1,0,0,0,0,0,0,24,270,321,2,2,10,4,1
10,4,1,0,0,0,0,0,1,1,0,1,0,0,0,0,0,0,0,0,0,0,0,0,0,0,57,535,710,2,2,10,4,1
11,12,1,0,0,0,0,0,1,0,1,0,0,0,0,0,0,0,0,1,0,0,0,0,0,0,55,111,115,2,2,10,4,1
11,1,1,1,0,0,0,0,0,0,1,0,0,0,0,0,0,0,0,0,0,0,0,0,0,0,20,20,20,1,1,5,5,1
11,4,1,0,0,0,0,0,1,1,0,1,0,0,0,0,0,0,0,0,0,0,0,0,0,0,57,406,492,2,2,10,4,1
11,14,1,1,0,0,0,0,0,0,1,0,0,0,0,0,0,0,0,0,1,1,0,0,0,0,109,900,1304,2,2,10,4,1
11,3,1,1,0,0,0,0,0,0,1,0,0,0,0,0,0,0,0,0,0,0,0,0,0,0,67,1204,1766,1,1,6,4,1
11,12,1,0,0,0,0,0,1,0,1,0,0,0,0,0,0,0,0,1,0,0,0,0,0,0,-1,-1,-1,2,2,9,4,1
11,4,1,0,0,0,0,0,1,1,0,1,0,0,0,0,0,0,0,0,0,0,0,0,0,0,169,840,1213,2,2,10,4,1
11,4,1,0,0,0,0,0,1,1,0,1,0,0,0,0,0,0,0,0,0,0,0,0,0,0,44,228,315,2,2,10,4,1
14,13,1,1,0,0,0,0,0,0,0,0,0,1,0,0,0,0,0,0,0,0,0,0,0,0,8,1561,2121,2,2,10,4,1
14,3,1,1,0,0,0,0,0,0,1,0,0,0,0,0,0,0,0,0,0,0,0,0,0,0,44,228,746,2,2,6,4,1
14,2,1,1,0,0,0,0,0,0,0,0,0,1,0,0,0,0,0,0,0,0,0,0,0,0,152,263,318,2,2,10,4,1
14,3,1,1,0,0,0,0,0,0,1,0,0,0,0,0,0,0,0,0,0,0,0,0,0,0,22,22,22,2,2,10,4,1
14,4,1,0,0,0,0,0,1,1,0,1,0,0,0,0,0,0,0,0,0,0,0,0,0,0,10,10,10,1,1,-1,4,1
16,4,1,0,0,0,0,0,1,1,0,1,0,0,0,0,0,0,0,0,0,0,0,0,0,0,129,498,644,2,2,10,4,1
16,15,1,1,0,0,0,0,1,0,1,1,0,0,0,0,0,0,0,0,0,0,0,0,0,0,52,242,282,2,2,10,5,1
15,12,1,0,0,0,0,0,1,0,1,0,0,0,0,0,0,0,0,1,0,0,0,0,0,0,8,8,8,2,2,10,4,1
15,4,1,0,0,0,0,0,1,1,0,1,0,0,0,0,0,0,0,0,0,0,0,0,0,0,22,22,22,1,1,6,4,1
15,3,1,1,0,0,0,0,0,0,1,0,0,0,0,0,0,0,0,0,0,0,0,0,0,0,121,257,301,1,1,6,4,1
17,1,1,1,0,0,0,0,0,0,1,0,0,0,0,0,0,0,0,0,0,0,0,0,0,0,150,362,542,1,1,4,5,1
17,1,1,1,0,0,0,0,0,0,1,0,0,0,0,0,0,0,0,0,0,0,0,0,0,0,180,376,451,2,2,10,5,1
17,4,1,0,0,0,0,0,1,1,0,1,0,0,0,0,0,0,0,0,0,0,0,0,0,0,44,47,48,2,2,10,4,1
17,4,1,0,0,0,0,0,1,1,0,1,0,0,0,0,0,0,0,0,0,0,0,0,0,0,46,50,51,2,2,10,4,1
17,11,1,1,0,0,0,0,0,0,1,0,0,0,0,0,0,0,0,0,0,0,0,0,0,0,206,637,478,2,2,10,4,1
17,1,1,1,0,0,0,0,0,0,1,0,0,0,0,0,0,0,0,0,0,0,0,0,0,0,17,17,29,1,1,5,5,1
17,4,1,0,0,0,0,0,1,1,0,1,0,0,0,0,0,0,0,0,0,0,0,0,0,0,207,1676,769,2,2,10,4,1
17,24,1,0,0,0,0,0,0,0,1,0,0,1,0,0,0,0,0,0,1,0,0,0,0,0,-1,-1,-1,1,1,6,4,1
17,4,1,0,0,0,0,0,1,1,0,1,0,0,0,0,0,0,0,0,0,0,0,0,0,0,176,342,413,2,2,10,4,1
17,3,1,1,0,0,0,0,0,0,1,0,0,0,0,0,0,0,0,0,0,0,0,0,0,0,8,1738,1009,1,1,4,4,1
8,3,1,1,0,0,0,0,0,0,1,0,0,0,0,0,0,0,0,0,0,0,0,0,0,0,74,741,1050,1,1,6,4,1
8,12,1,0,0,0,0,0,1,0,1,0,0,0,0,0,0,0,0,1,0,0,0,0,0,0,196,950,1379,2,2,10,4,1
8,4,1,0,0,0,0,0,1,1,0,1,0,0,0,0,0,0,0,0,0,0,0,0,0,0,59,64,65,2,2,10,4,1
8,4,1,0,0,0,0,0,1,1,0,1,0,0,0,0,0,0,0,0,0,0,0,0,0,0,73,107,793,2,2,10,4,1
8,12,1,0,0,0,0,0,1,0,1,0,0,0,0,0,0,0,0,1,0,0,0,0,0,0,182,613,930,2,2,10,4,1
8,4,1,0,0,0,0,0,1,1,0,1,0,0,0,0,0,0,0,0,0,0,0,0,0,0,5,755,1074,2,2,10,4,1
8,12,1,0,0,0,0,0,1,0,1,0,0,0,0,0,0,0,0,1,0,0,0,0,0,0,39,345,419,2,2,10,4,1
8,12,1,0,0,0,0,0,1,0,1,0,0,0,0,0,0,0,0,1,0,0,0,0,0,0,37,38,93,2,2,10,4,1
8,12,1,0,0,0,0,0,1,0,1,0,0,0,0,0,0,0,0,1,0,0,0,0,0,0,15,197,1380,2,2,10,4,1
8,12,1,0,0,0,0,0,1,0,1,0,0,0,0,0,0,0,0,1,0,0,0,0,0,0,43,734,1037,2,2,10,4,1
8,12,1,0,0,0,0,0,1,0,1,0,0,0,0,0,0,0,0,1,0,0,0,0,0,0,75,88,90,1,1,6,4,1
8,12,1,0,0,0,0,0,1,0,1,0,0,0,0,0,0,0,0,1,0,0,0,0,0,0,8,8,8,2,2,10,4,1
8,12,1,0,0,0,0,0,1,0,1,0,0,0,0,0,0,0,0,1,0,0,0,0,0,0,62,72,74,2,2,10,4,1
8,1,1,1,0,0,0,0,0,0,1,0,0,0,0,0,0,0,0,0,0,0,0,0,0,0,156,1770,2237,2,2,10,5,1
8,4,1,0,0,0,0,0,1,1,0,1,0,0,0,0,0,0,0,0,0,0,0,0,0,0,17,17,29,2,2,10,4,1
8,12,1,0,0,0,0,0,1,0,1,0,0,0,0,0,0,0,0,1,0,0,0,0,0,0,111,153,1034,2,2,10,4,1
18,23,1,1,0,0,0,0,0,0,1,0,0,0,0,0,0,0,0,0,0,0,0,0,0,0,64,75,77,1,1,6,4,1
18,4,1,0,0,0,0,0,1,1,0,1,0,0,0,0,0,0,0,0,0,0,0,0,0,0,6,6,6,2,2,10,4,1
